{"learner": {"attributes": {}, "feature_names": ["x1", "x2", "x3"], "feature_types": ["float", "float", "float"], "gradient_booster": {"model": {"gbtree_model_param": {"num_parallel_tree": "1", "num_trees": "12"}, "iteration_indptr": [0, 1, 2, 3, 4, 5, 6, 7, 8, 9, 10, 11, 12], "tree_info": [0, 0, 0, 0, 0, 0, 0, 0, 0, 0, 0, 0], "trees": [{"base_weights": [187.2094, -1211.6694, 1889.0056, 646.3076, 2808.5498], "categories": [], "categories_nodes": [], "categories_segments": [], "categories_sizes": [], "default_left": [0, 0, 0, 0, 0], "id": 0, "left_children": [1, -1, 3, -1, -1], "loss_changes": [21333706.0, 0.0, 2755675.0, 0.0, 0.0], "parents": [2147483647, 0, 0, 2, 2], "right_children": [2, -1, 4, -1, -1], "split_conditions": [70.80726, -1211.6694, 83.24426, 646.3076, 2808.5498], "split_indices": [0, 0, 1, 0, 0], "split_type": [0, 0, 0, 0, 0], "sum_hessian": [7.0, 4.0, 3.0, 2.0, 1.0], "tree_param": {"num_deleted": "0", "num_feature": "3", "num_nodes": "5", "size_leaf_vector": "1"}}, {"base_weights": [280.39862, -80.76599, 1404.2754, -242.33391, 215.43587], "categories": [], "categories_nodes": [], "categories_segments": [], "categories_sizes": [], "default_left": [0, 0, 0, 0, 0], "id": 1, "left_children": [1, 3, -1, -1, -1], "loss_changes": [3360653.8, 387204.44, 0.0, 0.0, 0.0], "parents": [2147483647, 0, 0, 1, 1], "right_children": [2, 4, -1, -1, -1], "split_conditions": [83.24426, 70.80726, 1404.2754, -242.33391, 215.43587], "split_indices": [1, 0, 0, 0, 0], "split_type": [0, 0, 0, 0, 0], "sum_hessian": [7.0, 6.0, 1.0, 4.0, 2.0], "tree_param": {"num_deleted": "0", "num_feature": "3", "num_nodes": "5", "size_leaf_vector": "1"}}, {"base_weights": [86.92659, -30.173727, 292.1517, -111.82675, 8.522229, 351.06836, 87.15918], "categories": [], "categories_nodes": [], "categories_segments": [], "categories_sizes": [], "default_left": [0, 0, 0, 0, 0, 0, 0], "id": 2, "left_children": [1, 3, 5, -1, -1, -1, -1], "loss_changes": [201070.69, 19910.865, 5633.6094, 0.0, 0.0, 0.0, 0.0], "parents": [2147483647, 0, 0, 1, 1, 2, 2], "right_children": [2, 4, 6, -1, -1, -1, -1], "split_conditions": [73.199394, 18.182497, 86.617615, -111.82675, 8.522229, 351.06836, 87.15918], "split_indices": [0, 1, 0, 0, 0, 0, 0], "split_type": [0, 0, 0, 0, 0, 0, 0], "sum_hessian": [7.0, 5.0, 2.0, 1.0, 4.0, 1.0, 1.0], "tree_param": {"num_deleted": "0", "num_feature": "3", "num_nodes": "7", "size_leaf_vector": "1"}}, {"base_weights": [19.000053, -61.0672, 39.162117, -38.710846, 58.592754], "categories": [], "categories_nodes": [], "categories_segments": [], "categories_sizes": [], "default_left": [0, 0, 0, 0, 0], "id": 3, "left_children": [1, -1, 3, -1, -1], "loss_changes": [15306.091, 0.0, 12860.021, 0.0, 0.0], "parents": [2147483647, 0, 0, 2, 2], "right_children": [2, -1, 4, -1, -1], "split_conditions": [18.182497, -61.0672, 15.601864, -38.710846, 58.592754], "split_indices": [1, 0, 0, 0, 0], "split_type": [0, 0, 0, 0, 0], "sum_hessian": [7.0, 1.0, 6.0, 1.0, 5.0], "tree_param": {"num_deleted": "0", "num_feature": "3", "num_nodes": "5", "size_leaf_vector": "1"}}, {"base_weights": [-5.148056, -22.589687, 58.47168, 10.459126, -37.90104], "categories": [], "categories_nodes": [], "categories_segments": [], "categories_sizes": [], "default_left": [0, 0, 0, 0, 0], "id": 4, "left_children": [1, 3, -1, -1, -1], "loss_changes": [10197.913, 3938.5652, 0.0, 0.0, 0.0], "parents": [2147483647, 0, 0, 1, 1], "right_children": [2, 4, -1, -1, -1], "split_conditions": [83.24426, 37.45401, 58.47168, 10.459126, -37.90104], "split_indices": [1, 0, 0, 0, 0], "split_type": [0, 0, 0, 0, 0], "sum_hessian": [7.0, 6.0, 1.0, 2.0, 4.0], "tree_param": {"num_deleted": "0", "num_feature": "3", "num_nodes": "5", "size_leaf_vector": "1"}}, {"base_weights": [3.8788528, -11.729968, 22.420166, 12.154338, -31.704285, 4.1601562, 27.120117], "categories": [], "categories_nodes": [], "categories_segments": [], "categories_sizes": [], "default_left": [0, 0, 0, 0, 0, 0, 0], "id": 5, "left_children": [1, 3, 5, -1, -1, -1, -1], "loss_changes": [2578.2522, 2770.708, 230.46057, 0.0, 0.0, 0.0, 0.0], "parents": [2147483647, 0, 0, 1, 1, 2, 2], "right_children": [2, 4, 6, -1, -1, -1, -1], "split_conditions": [70.80726, 21.233912, 73.199394, 12.154338, -31.704285, 4.1601562, 27.120117], "split_indices": [0, 1, 0, 0, 0, 0, 0], "split_type": [0, 0, 0, 0, 0, 0, 0], "sum_hessian": [7.0, 4.0, 3.0, 2.0, 2.0, 1.0, 2.0], "tree_param": {"num_deleted": "0", "num_feature": "3", "num_nodes": "7", "size_leaf_vector": "1"}}, {"base_weights": [-0.22753906, 2.0975544, -1.3521627, 3.6190796, -0.4727478, -2.6245484, 2.5048828], "categories": [], "categories_nodes": [], "categories_segments": [], "categories_sizes": [], "default_left": [0, 0, 0, 0, 0, 0, 0], "id": 6, "left_children": [1, 3, 5, -1, -1, -1, -1], "loss_changes": [23.755075, 13.443252, 36.02008, 0.0, 0.0, 0.0, 0.0], "parents": [2147483647, 0, 0, 1, 1, 2, 2], "right_children": [2, 4, 6, -1, -1, -1, -1], "split_conditions": [21.233912, 37.45401, 83.24426, 3.6190796, -0.4727478, -2.6245484, 2.5048828], "split_indices": [1, 0, 1, 0, 0, 0, 0], "split_type": [0, 0, 0, 0, 0, 0, 0], "sum_hessian": [7.0, 2.0, 5.0, 1.0, 1.0, 4.0, 1.0], "tree_param": {"num_deleted": "0", "num_feature": "3", "num_nodes": "7", "size_leaf_vector": "1"}}, {"base_weights": [-0.03555298, 0.37976074, -0.23728435, 0.4663086, 0.10333252, -0.70910645, 0.17590332], "categories": [], "categories_nodes": [], "categories_segments": [], "categories_sizes": [], "default_left": [0, 0, 0, 0, 0, 0, 0], "id": 7, "left_children": [1, 3, 5, -1, -1, -1, -1], "loss_changes": [0.76036566, 0.023587972, 1.2944405, 0.0, 0.0, 0.0, 0.0], "parents": [2147483647, 0, 0, 1, 1, 2, 2], "right_children": [2, 4, 6, -1, -1, -1, -1], "split_conditions": [21.233912, 37.45401, 70.80726, 0.4663086, 0.10333252, -0.70910645, 0.17590332], "split_indices": [1, 0, 0, 0, 0, 0, 0], "split_type": [0, 0, 0, 0, 0, 0, 0], "sum_hessian": [7.0, 2.0, 5.0, 1.0, 1.0, 2.0, 3.0], "tree_param": {"num_deleted": "0", "num_feature": "3", "num_nodes": "7", "size_leaf_vector": "1"}}, {"base_weights": [-0.0076675415, -0.04136963, 0.036376953, 0.023579916, -0.0925293, 0.044270832, 0.0063476562], "categories": [], "categories_nodes": [], "categories_segments": [], "categories_sizes": [], "default_left": [0, 0, 0, 0, 0, 0, 0], "id": 8, "left_children": [1, 3, 5, -1, -1, -1, -1], "loss_changes": [0.013380032, 0.018795818, 0.0006671748, 0.0, 0.0, 0.0, 0.0], "parents": [2147483647, 0, 0, 1, 1, 2, 2], "right_children": [2, 4, 6, -1, -1, -1, -1], "split_conditions": [70.80726, 21.233912, 86.617615, 0.023579916, -0.0925293, 0.044270832, 0.0063476562], "split_indices": [0, 1, 0, 0, 0, 0, 0], "split_type": [0, 0, 0, 0, 0, 0, 0], "sum_hessian": [7.0, 4.0, 3.0, 2.0, 2.0, 2.0, 1.0], "tree_param": {"num_deleted": "0", "num_feature": "3", "num_nodes": "7", "size_leaf_vector": "1"}}, {"base_weights": [-0.0022964478, -0.018753052, 0.011328125, 0.007873535, -0.049316406, 0.024658203, 0.0018310547], "categories": [], "categories_nodes": [], "categories_segments": [], "categories_sizes": [], "default_left": [0, 0, 0, 0, 0, 0, 0], "id": 9, "left_children": [1, 3, 5, -1, -1, -1, -1], "loss_changes": [0.0020061505, 0.0036434857, 0.00058783294, 0.0, 0.0, 0.0, 0.0], "parents": [2147483647, 0, 0, 1, 1, 2, 2], "right_children": [2, 4, 6, -1, -1, -1, -1], "split_conditions": [29.122913, 59.86585, 30.424225, 0.007873535, -0.049316406, 0.024658203, 0.0018310547], "split_indices": [1, 0, 1, 0, 0, 0, 0], "split_type": [0, 0, 0, 0, 0, 0, 0], "sum_hessian": [7.0, 3.0, 4.0, 2.0, 1.0, 1.0, 3.0], "tree_param": {"num_deleted": "0", "num_feature": "3", "num_nodes": "7", "size_leaf_vector": "1"}}, {"base_weights": [0.0016326904, -0.006454468, 0.007775879, 0.0032755535, -0.017822266, 0.0011291504, 0.009155273], "categories": [], "categories_nodes": [], "categories_segments": [], "categories_sizes": [], "default_left": [0, 0, 0, 0, 0, 0, 0], "id": 10, "left_children": [1, 3, 5, -1, -1, -1, -1],