{
  "learner": {
    "attributes": {},
    "feature_names": ["x1", "x2"],
    "feature_types": ["float", "float"],
    "gradient_booster": {
      "model": {
        "gbtree_model_param": { "num_parallel_tree": "1", "num_trees": "10" },
        "iteration_indptr": [0, 1, 2, 3, 4, 5, 6, 7, 8, 9, 10],
        "tree_info": [0, 0, 0, 0, 0, 0, 0, 0, 0, 0],
        "trees": [
          {
            "base_weights": [
              -0.0, -3369.2769, 0.0, 0.0, 7.746856237290844, 4148.809695644064,
              -3.8734281186454225
            ],
            "categories": [],
            "categories_nodes": [],
            "categories_segments": [],
            "categories_sizes": [],
            "default_left": [0, 0, 0, 0, 0, 0, 0],
            "id": 0,
            "left_children": [1, 3, 5, -1, -1, -1, -1],
            "loss_changes": [204336450.0, 14997096.0, 0.0, 0.0, 0.0, 0.0, 0.0],
            "parents": [2147483647, 0, 0, 1, 1, 2, 2],
            "right_children": [2, 4, 6, -1, -1, -1, -1],
            "split_conditions": [
              73.199394, 70.80726, 70.80726, 0.0, 7.746856237290844,
              4148.809695644064, -3.8734281186454225
            ],
            "split_indices": [0, 0, 0, 0, 0, 0, 0],
            "split_type": [0, 0, 0, 0, 0, 0, 0],
            "sum_hessian": [7.0, 5.0, 2.0, 4.0, 1.0, 0.0, 0.0],
            "tree_param": {
              "num_deleted": "0",
              "num_feature": "2",
              "num_nodes": "7",
              "size_leaf_vector": "1"
            }
          },
          {
            "base_weights": [
              343.21155, 0.0, 1713.7156, -0.001000976929664612, 0.0,
              0.001000976929664612, -2099.198768046141
            ],
            "categories": [],
            "categories_nodes": [],
            "categories_segments": [],
            "categories_sizes": [],
            "default_left": [0, 0, 0, 0, 0, 0, 0],
            "id": 1,
            "left_children": [1, 5, 3, -1, -1, -1, -1],
            "loss_changes": [22218250.0, 0.0, 3428174.0, 0.0, 0.0, 0.0, 0.0],
            "parents": [2147483647, 0, 0, 2, 2, 1, 1],
            "right_children": [2, 6, 4, -1, -1, -1, -1],
            "split_conditions": [
              59.86585, 83.24426, 83.24426, -0.001000976929664612, 0.0,
              0.001000976929664612, -2099.198768046141
            ],
            "split_indices": [0, 1, 1, 0, 0, 0, 0],
            "split_type": [0, 0, 0, 0, 0, 0, 0],
            "sum_hessian": [7.0, 3.0, 4.0, 3.0, 1.0, 0.0, 0.0],
            "tree_param": {
              "num_deleted": "0",
              "num_feature": "2",
              "num_nodes": "7",
              "size_leaf_vector": "1"
            }
          },
          {
            "base_weights": [
              262.52567, -103.90832, 0.0, 0.0, 0.002082905044555664,
              546.0127283798217, -0.006248715133666993
            ],
            "categories": [],
            "categories_nodes": [],
            "categories_segments": [],
            "categories_sizes": [],
            "default_left": [0, 0, 0, 0, 0, 0, 0],
            "id": 2,
            "left_children": [1, 3, 5, -1, -1, -1, -1],
            "loss_changes": [3521778.2, 586830.7, 0.0, 0.0, 0.0, 0.0, 0.0],
            "parents": [2147483647, 0, 0, 1, 1, 2, 2],
            "right_children": [2, 4, 6, -1, -1, -1, -1],
            "split_conditions": [
              83.24426, 59.86585, 59.86585, 0.0, 0.002082905044555664,
              546.0127283798217, -0.006248715133666993
            ],
            "split_indices": [1, 0, 0, 0, 0, 0, 0],
            "split_type": [0, 0, 0, 0, 0, 0, 0],
            "sum_hessian": [7.0, 6.0, 1.0, 3.0, 3.0, 0.0, 0.0],
            "tree_param": {
              "num_deleted": "0",
              "num_feature": "2",
              "num_nodes": "7",
              "size_leaf_vector": "1"
            }
          },
          {
            "base_weights": [
              153.99268, -25.977112, 0.0, 0.0, -0.0015306323242187487,
              -401.23995747070313, 0.004591896972656246
            ],
            "categories": [],
            "categories_nodes": [],
            "categories_segments": [],
            "categories_sizes": [],
            "default_left": [0, 0, 0, 0, 0, 0, 0],
            "id": 3,
            "left_children": [1, 3, 5, -1, -1, -1, -1],
            "loss_changes": [814402.4, 321406.34, 0.0, 0.0, 0.0, 0.0, 0.0],
            "parents": [2147483647, 0, 0, 1, 1, 2, 2],
            "right_children": [2, 4, 6, -1, -1, -1, -1],
            "split_conditions": [
              83.24426, 29.122913, 29.122913, 0.0, -0.0015306323242187487,
              -401.23995747070313, 0.004591896972656246
            ],
            "split_indices": [1, 1, 1, 0, 0, 0, 0],
            "split_type": [0, 0, 0, 0, 0, 0, 0],
            "sum_hessian": [7.0, 6.0, 1.0, 3.0, 3.0, 0.0, 0.0],
            "tree_param": {
              "num_deleted": "0",
              "num_feature": "2",
              "num_nodes": "7",
              "size_leaf_vector": "1"
            }
          },
          {
            "base_weights": [
              82.67878, -73.631256, 0.0, 0.0, -0.6218518074324602,
              -333.03119728885133, 0.3109259037162301
            ],
            "categories": [],
            "categories_nodes": [],
            "categories_segments": [],
            "categories_sizes": [],
            "default_left": [0, 0, 0, 0, 0, 0, 0],
            "id": 4,
            "left_children": [1, 3, 5, -1, -1, -1, -1],
            "loss_changes": [383539.62, 154684.28, 0.0, 0.0, 0.0, 0.0, 0.0],
            "parents": [2147483647, 0, 0, 1, 1, 2, 2],
            "right_children": [2, 4, 6, -1, -1, -1, -1],
            "split_conditions": [
              73.199394, 70.80726, 70.80726, 0.0, -0.6218518074324602,
              -333.03119728885133, 0.3109259037162301
            ],
            "split_indices": [0, 0, 0, 0, 0, 0, 0],
            "split_type": [0, 0, 0, 0, 0, 0, 0],
            "sum_hessian": [7.0, 5.0, 2.0, 4.0, 1.0, 0.0, 0.0],
            "tree_param": {
              "num_deleted": "0",
              "num_feature": "2",
              "num_nodes": "7",
              "size_leaf_vector": "1"
            }
          },
          {
            "base_weights": [
              12.298241, -148.3202, 138.33334, -15.265105001609157,
              30.52607924637941, 30.530210003218315, -10.175359748793138,
              16.52002, 0.0
            ],
            "categories": [],
            "categories_nodes": [],
            "categories_segments": [],
            "categories_sizes": [],
            "default_left": [0, 0, 0, 0, 0, 0, 0, 0, 0],
            "id": 5,
            "left_children": [1, 3, 5, -1, -1, -1, -1, -1, 7],
            "loss_changes": [
              182466.14, 35208.336, 101090.41, 0.0, 0.0, 0.0, 0.0, 0.0, 0.0
            ],
            "parents": [2147483647, 0, 0, 1, 1, 2, 2, -1, -1],
            "right_children": [2, 4, 6, -1, -1, -1, -1, -1, 8],
            "split_conditions": [
              59.86585, 37.45401, 70.80726, -15.265105001609157,
              30.52607924637941, 30.530210003218315, -10.175359748793138,
              16.52002, 70.80726
            ],
            "split_indices": [0, 0, 0, 0, 0, 0, 0, 0, 0],
            "split_type": [0, 0, 0, 0, 0, 0, 0, 0, 0],
            "sum_hessian": [7.0, 3.0, 4.0, 2.0, 1.0, 1.0, 3.0, 0.0, 0.0],
            "tree_param": {
              "num_deleted": "0",
              "num_feature": "2",
              "num_nodes": "9",
              "size_leaf_vector": "1"
            }
          },
          {
            "base_weights": [
              6.255844, -38.940586, 0.0, 0.0, -0.002910105995836478,
              -108.7330412820125, 0.005820211991672955
            ],
            "categories": [],
            "categories_nodes": [],
            "categories_segments": [],
            "categories_sizes": [],
            "default_left": [0, 0, 0, 0, 0, 0, 0],
            "id": 5,