{"learner": {"attributes": {}, "feature_names": ["x1", "x2", "x3"], "feature_types": ["float", "float", "float"], "gradient_booster": {"model": {"gbtree_model_param": {"num_parallel_tree": "1", "num_trees": "7"}, "iteration_indptr": [0, 1, 2, 3, 4, 5, 6, 7], "tree_info": [0, 0, 0, 0, 0, 0, 0], "trees": [{"base_weights": [172.17221, -3.842538, 0.0, -0.0007746731, 0.0, 0.0023240193, -203.07281], "categories": [], "categories_nodes": [], "categories_segments": [], "categories_sizes": [], "default_left": [0, 0, 0, 0, 0, 0, 0], "id": 0, "left_children": [1, 3, 5, -1, -1, -1, -1], "loss_changes": [748951.94, 82466.73, 0.0, 0.0, 0.0, 0.0, 0.0], "parents": [2147483647, 0, 0, 1, 1, 2, 2], "right_children": [2, 4, 6, -1, -1, -1, -1], "split_conditions": [83.24426, 45.607, 45.607, -0.0007746731, 0.0, 0.0023240193, -203.07281], "split_indices": [1, 2, 2, 0, 0, 0, 0], "split_type": [0, 0, 0, 0, 0, 0, 0], "sum_hessian": [7.0, 6.0, 1.0, 3.0, 3.0, 0.0, 0.0], "tree_param": {"num_deleted": "0", "num_feature": "3", "num_nodes": "7", "size_leaf_vector": "1"}}, {"base_weights": [0.17801666, 0.0, 0.8273141, 0.0, 0.001901132, 0.005703396, -0.000950566], "categories": [], "categories_nodes": [], "categories_segments": [], "categories_sizes": [], "default_left": [0, 0, 0, 0, 0, 0, 0], "id": 1, "left_children": [1, 5, 3, -1, -1, -1, -1], "loss_changes": [14.073252, 0.0, 4.4261208, 0.0, 0.0, 0.0, 0.0], "parents": [2147483647, 0, 0, 2, 2, 1, 1], "right_children": [2, 6, 4, -1, -1, -1, -1], "split_conditions": [45.607, 18.182497, 18.182497, 0.0, 0.001901132, 0.005703396, -0.000950566], "split_indices": [2, 1, 1, 0, 0, 0, 0], "split_type": [0, 0, 0, 0, 0, 0, 0], "sum_hessian": [7.0, 1.0, 6.0, 4.0, 2.0, 0.0, 0.0], "tree_param": {"num_deleted": "0", "num_feature": "2", "num_nodes": "7", "size_leaf_vector": "1"}}, {"base_weights": [-6.1035156e-05, -0.001159668, 0.0, -0.0014724731, 0.00018405914, 0.0007362366, -0.00055217743], "categories": [], "categories_nodes": [], "categories_segments": [], "categories_sizes": [], "default_left": [0, 0, 0, 0, 0, 0, 0], "id": 2, "left_children": [1, 3, 5, -1, -1, -1, -1], "loss_changes": [1.3743527e-05, 1.044292e-05, 0.0, 0.0, 0.0, 0.0, 0.0], "parents": [2147483647, 0, 0, 1, 1, 2, 2], "right_children": [2, 4, 6, -1, -1, -1, -1], "split_conditions": [45.607, 29.122913, 29.122913, -0.0014724731, 0.00018405914, 0.0007362366, -0.00055217743], "split_indices": [2, 1, 1, 0, 0, 0, 0], "split_type": [0, 0, 0, 0, 0, 0, 0], "sum_hessian": [7.0, 4.0, 3.0, 1.0, 3.0, 0.0, 0.0], "tree_param": {"num_deleted": "0", "num_feature": "3", "num_nodes": "7", "size_leaf_vector": "1"}}, {"base_weights": [0.26570892, -0.63801795, 0.0, 7.0710773, -1.7667644, -7.0710773, 7.0670576], "categories": [], "categories_nodes": [], "categories_segments": [], "categories_sizes": [], "default_left": [0, 0, 0, 0, 0, 0, 0], "id": 3, "left_children": [1, 3, 5, -1, -1, -1, -1], "loss_changes": [24.010551, 16.733408, 0.0, 0.0, 0.0, 0.0, 0.0], "parents": [2147483647, 0, 0, 1, 1, 2, 2], "right_children": [2, 4, 6, -1, -1, -1, -1], "split_conditions": [51.423443, 21.233912, 21.233912, 7.0710773, -1.7667644, -7.0710773, 7.0670576], "split_indices": [2, 1, 1, 0, 0, 0, 0], "split_type": [0, 0, 0, 0, 0, 0, 0], "sum_hessian": [7.0, 6.0, 1.0, 4.0, 2.0, 0.0, 0.0], "tree_param": {"num_deleted": "0", "num_feature": "2", "num_nodes": "7", "size_leaf_vector": "1"}}, {"base_weights": [0.5903244, -3.6953213, 0.0, -0.002062332, 0.0, 0.0061869957, -8.439062], "categories": [], "categories_nodes": [], "categories_segments": [], "categories_sizes": [], "default_left": [0, 0, 0, 0, 0, 0, 0], "id": 4, "left_children": [1, 3, 5, -1, -1, -1, -1], "loss_changes": [560.6692, 130.76566, 0.0, 0.0, 0.0, 0.0, 0.0], "parents": [2147483647, 0, 0, 1, 1, 2, 2], "right_children": [2, 4, 6, -1, -1, -1, -1], "split_conditions": [83.24426, 45.607, 45.607, -0.002062332, 0.0, 0.0061869957, -8.439062], "split_indices": [1, 2, 2, 0, 0, 0, 0], "split_type": [0, 0, 0, 0, 0, 0, 0], "sum_hessian": [7.0, 6.0, 1.0, 3.0, 3.0, 0.0, 0.0], "tree_param": {"num_deleted": "0", "num_feature": "3", "num_nodes": "7", "size_leaf_vector": "1"}}, {"base_weights": [0.26489258, -0.2776001, 0.0, -0.7480057, 0.24276371, 0.37400284, -0.7282911], "categories": [], "categories_nodes": [], "categories_segments": [], "categories_sizes": [], "default_left": [0, 0, 0, 0, 0, 0, 0], "id": 5, "left_children": [1, 3, 5, -1, -1, -1, -1], "loss_changes": [2.898974, 5.7770004, 0.0, 0.0, 0.0, 0.0, 0.0], "parents": [2147483647, 0, 0, 1, 1, 2, 2], "right_children": [2, 4, 6, -1, -1, -1, -1], "split_conditions": [45.607, 29.122913, 29.122913, -0.7480057, 0.24276371, 0.37400284, -0.7282911], "split_indices": [2, 1, 1, 0, 0, 0, 0], "split_type": [0, 0, 0, 0, 0, 0, 0], "sum_hessian": [7.0, 4.0, 3.0, 1.0, 3.0, 0.0, 0.0], "tree_param": {"num_deleted": "0", "num_feature": "3", "num_nodes": "7", "size_leaf_vector": "1"}}, {"base_weights": [0.017410278, -0.039123535, 0.0, -0.09015396, 0.025743505, 0.04507698, -0.07723051], "categories": [], "categories_nodes": [], "categories_segments": [], "categories_sizes": [], "default_left": [0, 0, 0, 0, 0, 0, 0], "id": 6, "left_children": [1, 3, 5, -1, -1, -1, -1], "loss_changes": [0.033267796, 0.07437992, 0.0, 0.0, 0.0, 0.0, 0.0], "parents": [2147483647, 0, 0, 1, 1, 2, 2], "right_children": [2, 4, 6, -1, -1, -1, -1], "split_conditions": [45.607, 29.122913, 29.122913, -0.09015396, 0.025743505, 0.04507698, -0.07723051], "split_indices": [2, 1, 1, 0, 0, 0, 0], "split_type": [0, 0, 0, 0, 0, 0, 0], "sum_hessian": [7.0, 4.0, 3.0, 1.0, 3.0, 0.0, 0.0], "tree_param": {"num_deleted": "0", "num_feature": "3", "num_nodes": "7", "size_leaf_vector": "1"}}]}, "name": "gbtree"}, "learner_model_param": {"base_score": "6.9318896E3", "boost_from_average": "0", "num_class": "0", "num_feature": "3", "num_target": "1"}, "objective": {"name": "reg:squarederror", "reg_loss_param": {"scale_pos_weight": "1"}}}, "version": [3, 0, 2]}