{"learner": {"attributes": {}, "feature_names": ["x1", "x2", "x3"], "feature_types": ["float", "float", "float"], "gradient_booster": {"model": {"gbtree_model_param": {"num_parallel_tree": "1", "num_trees": "14"}, "iteration_indptr": [0, 1, 2, 3, 4, 5, 6, 7, 8, 9, 10, 11, 12, 13, 14], "tree_info": [0, 0, 0, 0, 0, 0, 0, 0, 0, 0, 0, 0, 0, 0], "trees": [{"base_weights": [187.2094, 0.0, 1889.0056, -0.002857536, 0.0, 0.001428768, -2162.2378], "categories": [], "categories_nodes": [], "categories_segments": [], "categories_sizes": [], "default_left": [0, 0, 0, 0, 0, 0, 0], "id": 0, "left_children": [1, 5, 3, -1, -1, -1, -1], "loss_changes": [21333706.0, 0.0, 2755675.0, 0.0, 0.0, 0.0, 0.0], "parents": [2147483647, 0, 0, 2, 2, 1, 1], "right_children": [2, 6, 4, -1, -1, -1, -1], "split_conditions": [70.80726, 83.24426, 83.24426, -0.002857536, 0.0, 0.001428768, -2162.2378], "split_indices": [0, 1, 1, 0, 0, 0, 0], "split_type": [0, 0, 0, 0, 0, 0, 0], "sum_hessian": [7.0, 4.0, 3.0, 2.0, 1.0, 0.0, 0.0], "tree_param": {"num_deleted": "0", "num_feature": "3", "num_nodes": "7", "size_leaf_vector": "1"}}, {"base_weights": [280.39862, -80.76599, 0.0, 0.0, 0.002722369, 457.76163, -0.005444738], "categories": [], "categories_nodes": [], "categories_segments": [], "categories_sizes": [], "default_left": [0, 0, 0, 0, 0, 0, 0], "id": 1, "left_children": [1, 3, 5, -1, -1, -1, -1], "loss_changes": [3360653.8, 387204.44, 0.0, 0.0, 0.0, 0.0, 0.0], "parents": [2147483647, 0, 0, 1, 1, 2, 2], "right_children": [2, 4, 6, -1, -1, -1, -1], "split_conditions": [83.24426, 70.80726, 70.80726, 0.0, 0.002722369, 457.76163, -0.005444738], "split_indices": [1, 0, 0, 0, 0, 0, 0], "split_type": [0, 0, 0, 0, 0, 0, 0], "sum_hessian": [7.0, 6.0, 1.0, 4.0, 2.0, 0.0, 0.0], "tree_param": {"num_deleted": "0", "num_feature": "3", "num_nodes": "7", "size_leaf_vector": "1"}}, {"base_weights": [0.17801666, 0.0, 0.8273141, 0.0, 0.0010032654, 0.006019592, -0.0010032654], "categories": [], "categories_nodes": [], "categories_segments": [], "categories_sizes": [], "default_left": [0, 0, 0, 0, 0, 0, 0], "id": 2, "left_children": [1, 5, 3, -1, -1, -1, -1], "loss_changes": [14.073252, 0.0, 4.4261208, 0.0, 0.0, 0.0, 0.0], "parents": [2147483647, 0, 0, 2, 2, 1, 1], "right_children": [2, 6, 4, -1, -1, -1, -1], "split_conditions": [29.122913, 15.601864, 15.601864, 0.0, 0.0010032654, 0.006019592, -0.0010032654], "split_indices": [1, 0, 0, 0, 0, 0, 0], "split_type": [0, 0, 0, 0, 0, 0, 0], "sum_hessian": [7.0, 1.0, 6.0, 4.0, 2.0, 0.0, 0.0], "tree_param": {"num_deleted": "0", "num_feature": "2", "num_nodes": "7", "size_leaf_vector": "1"}}, {"base_weights": [0.26570892, -0.63801795, 0.0, 0.0, 0.00015848425, 120.3485, -0.0003169685], "categories": [], "categories_nodes": [], "categories_segments": [], "categories_sizes": [], "default_left": [0, 0, 0, 0, 0, 0, 0], "id": 3, "left_children": [1, 3, 5, -1, -1, -1, -1], "loss_changes": [24.010551, 16.733408, 0.0, 0.0, 0.0, 0.0, 0.0], "parents": [2147483647, 0, 0, 1, 1, 2, 2], "right_children": [2, 4, 6, -1, -1, -1, -1], "split_conditions": [73.199394, 18.182497, 18.182497, 0.0, 0.00015848425, 120.3485, -0.0003169685], "split_indices": [0, 1, 1, 0, 0, 0, 0], "split_type": [0, 0, 0, 0, 0, 0, 0], "sum_hessian": [7.0, 6.0, 1.0, 4.0, 2.0, 0.0, 0.0], "tree_param": {"num_deleted": "0", "num_feature": "2", "num_nodes": "7", "size_leaf_vector": "1"}}, {"base_weights": [-0.00015258789, -0.00069173175, 0.0, 0.0, -0.00022867839, -0.00085754396, 0.00034301757], "categories": [], "categories_nodes": [], "categories_segments": [], "categories_sizes": [], "default_left": [0, 0, 0, 0, 0, 0, 0], "id": 4, "left_children": [1, 3, 5, -1, -1, -1, -1], "loss_changes": [5.545716e-06, 3.0916806e-06, 0.0, 0.0, 0.0, 0.0, 0.0], "parents": [2147483647, 0, 0, 1, 1, 2, 2], "right_children": [2, 4, 6, -1, -1, -1, -1], "split_conditions": [73.199394, 21.233912, 21.233912, 0.0, -0.00022867839, -0.00085754396, 0.00034301757], "split_indices": [0, 1, 1, 0, 0, 0, 0], "split_type": [0, 0, 0, 0, 0, 0, 0], "sum_hessian": [7.0, 5.0, 2.0, 2.0, 3.0, 0.0, 0.0], "tree_param": {"num_deleted": "0", "num_feature": "3", "num_nodes": "7", "size_leaf_vector": "1"}}, {"base_weights": [19.000053, 0.0, 39.162117, 0.0, 5.793205e-05, 97.30325, -0.00028966027], "categories": [], "categories_nodes": [], "categories_segments": [], "categories_sizes": [], "default_left": [0, 0, 0, 0, 0, 0, 0], "id": 5, "left_children": [1, 5, 3, -1, -1, -1, -1], "loss_changes": [15306.091, 0.0, 12860.021, 0.0, 0.0, 0.0, 0.0], "parents": [2147483647, 0, 0, 2, 2, 1, 1], "right_children": [2, 6, 4, -1, -1, -1, -1], "split_conditions": [18.182497, 15.601864, 15.601864, 0.0, 5.793205e-05, 97.30325, -0.00028966027], "split_indices": [1, 0, 0, 0, 0, 0, 0], "split_type": [0, 0, 0, 0, 0, 0, 0], "sum_hessian": [7.0, 1.0, 6.0, 1.0, 5.0, 0.0, 0.0], "tree_param": {"num_deleted": "0", "num_feature": "3", "num_nodes": "7", "size_leaf_vector": "1"}}, {"base_weights": [-5.148056, -22.589687, 0.0, 0.0, -0.0009552625, -48.35539, 0.00382105], "categories": [], "categories_nodes": [], "categories_segments": [], "categories_sizes": [], "default_left": [0, 0, 0, 0, 0, 0, 0], "id": 6, "left_children": [1, 3, 5, -1, -1, -1, -1], "loss_changes": [10197.913, 3938.5652, 0.0, 0.0, 0.0, 0.0, 0.0], "parents": [2147483647, 0, 0, 1, 1, 2, 2], "right_children": [2, 4, 6, -1, -1, -1, -1], "split_conditions": [83.24426, 37.45401, 37.45401, 0.0, -0.0009552625, -48.35539, 0.00382105], "split_indices": [1, 0, 0, 0, 0, 0, 0], "split_type": [0, 0, 0, 0, 0, 0, 0], "sum_hessian": [7.0, 6.0, 1.0, 2.0, 4.0, 0.0, 0.0], "tree_param": {"num_deleted": "0", "num_feature": "3", "num_nodes": "7", "size_leaf_vector": "1"}}, {"base_weights": [0.26570892, -0.63801795, 0.0, 0.0, -0.009591881, -43.842636, 0.0063945875], "categories": [], "categories_nodes": [], "categories_segments": [], "categories_sizes": [], "default_left": [0, 0, 0, 0, 0, 0, 0], "id": 7, "left_children": [1, 3, 5, -1, -1, -1, -1], "loss_changes": [24.010551, 16.733408, 0.0, 0.0, 0.0, 0.0, 0.0], "parents": [2147483647, 0, 0, 1, 1, 2, 2], "right_children": [2, 4, 6, -1, -1, -1, -1], "split_conditions": [70.80726, 21.233912, 21.233912, 0.0, -0.009591881, -43.842636, 0.0063945875], "split_indices": [0, 1, 1, 0, 0, 0, 0], "split_type": [0, 0, 0, 0, 0, 0, 0], "sum_hessian": [7.0, 6.0, 1.0, 4.0, 2.0, 0.0, 0.0], "tree_param": {"num_deleted": "0", "num_feature": "2", "num_nodes": "7", "size_leaf_vector": "1"}}, {"base_weights": [0.26570892, -0.63801795, 0.0, 1.2571117, -1.2620833, -1.2571117, 0.31552082], "categories": [], "categories_nodes": [], "categories_segments": [], "categories_sizes": [], "default_left": [0, 0, 0, 0, 0, 0, 0], "id": 8, "left_children": [1, 3, 5, -1, -1, -1, -1], "loss_changes": [24.010551, 16.733408, 0.0, 0.0, 0.0, 0.0, 0.0], "parents": [2147483647, 0, 0, 1, 1, 2, 2], "right_children": [2, 4, 6, -1, -1, -1, -1], "split_conditions": [21.233912, 37.45401, 37.45401, 1.2571117, -1.2620833, -1.2571117, 0.31552082], "split_indices": [1, 0, 0, 0, 0, 0, 0], "split_type": [0, 0, 0, 0, 0, 0, 0], "sum_hessian": [7.0, 6.0, 1.0, 4.0, 2.0, 0.0, 0.0], "tree_param": {"num_deleted": "0", "num_feature": "2", "num_nodes": "7", "size_leaf_vector": "1"}}, {"base_weights": [0.26570892, -0.63801795, 0.0, 0.109800264, -0.114700444, -0.109800264, 0.028675111], "categories": [], "categories_nodes": [], "categories_segments": [], "categories_sizes": [], "default_left": [0, 0, 0, 0, 0, 0, 0], "id": 9, "left_children": [1, 3, 5, -1, -1, -1, -1], "loss_changes": [24.010551, 16.733408, 0.0, 0.0, 0.0, 0.0, 0.0], "parents": [2147483647, 0, 0, 1, 1, 2, 2], "right_children": [2, 4, 6, -1, -1, -1, -1], "split_conditions": [21.233912, 37.45401, 37.45401, 0.109800264, -0.114700444, -0.109800264, 0.028675111], "split_indices": [1, 0, 0, 0, 0, 0, 0], "split_type": [0, 0, 0, 0, 0, 0, 0], "sum_hessian": [7.0, 6.0, 1.0, 4.0, 2.0, 0.0, 0.0], "tree_param": {"num_deleted": "0", "num_feature": "2", "num_nodes": "7",