{"learner": {"attributes": {}, "feature_names": ["x1", "x2", "x3"], "feature_types": ["float", "float", "float"], "gradient_booster": {"model": {"gbtree_model_param": {"num_parallel_tree": "1", "num_trees": "10"}, "iteration_indptr": [0, 1, 2, 3, 4, 5, 6, 7, 8, 9, 10], "tree_info": [0, 0, 0, 0, 0, 0, 0, 0, 0, 0], "trees": [{"base_weights": [0.17801666, 0.0, 0.8273141, -5.4861097, 5.4861546, 2.7430549, -1.8287182], "categories": [], "categories_nodes": [], "categories_segments": [], "categories_sizes": [], "default_left": [0, 0, 0, 0, 0, 0, 0], "id": 0, "left_children": [1, 5, 3, -1, -1, -1, -1], "loss_changes": [14.073252, 0.0, 4.4261208, 0.0, 0.0, 0.0, 0.0], "parents": [2147483647, 0, 0, 2, 2, 1, 1], "right_children": [2, 6, 4, -1, -1, -1, -1], "split_conditions": [51.423443, 59.86585, 59.86585, -5.4861097, 5.4861546, 2.7430549, -1.8287182], "split_indices": [2, 0, 0, 0, 0, 0, 0], "split_type": [0, 0, 0, 0, 0, 0, 0], "sum_hessian": [7.0, 1.0, 6.0, 4.0, 2.0, 0.0, 0.0], "tree_param": {"num_deleted": "0", "num_feature": "2", "num_nodes": "7", "size_leaf_vector": "1"}}, {"base_weights": [0.26570892, -0.63801795, 0.0, 0.0, 0.00026974935, 13.655252, -0.0005394987], "categories": [], "categories_nodes": [], "categories_segments": [], "categories_sizes": [], "default_left": [0, 0, 0, 0, 0, 0, 0], "id": 1, "left_children": [1, 3, 5, -1, -1, -1, -1], "loss_changes": [24.010551, 16.733408, 0.0, 0.0, 0.0, 0.0, 0.0], "parents": [2147483647, 0, 0, 1, 1, 2, 2], "right_children": [2, 4, 6, -1, -1, -1, -1], "split_conditions": [51.423443, 15.601864, 15.601864, 0.0, 0.00026974935, 13.655252, -0.0005394987], "split_indices": [2, 0, 0, 0, 0, 0, 0], "split_type": [0, 0, 0, 0, 0, 0, 0], "sum_hessian": [7.0, 6.0, 1.0, 4.0, 2.0, 0.0, 0.0], "tree_param": {"num_deleted": "0", "num_feature": "2", "num_nodes": "7", "size_leaf_vector": "1"}}, {"base_weights": [0.17801666, 0.0, 0.8273141, -2.7430494, 2.7430718, 1.3715247, -0.9143573], "categories": [], "categories_nodes": [], "categories_segments": [], "categories_sizes": [], "default_left": [0, 0, 0, 0, 0, 0, 0], "id": 2, "left_children": [1, 5, 3, -1, -1, -1, -1], "loss_changes": [14.073252, 0.0, 4.4261208, 0.0, 0.0, 0.0, 0.0], "parents": [2147483647, 0, 0, 2, 2, 1, 1], "right_children": [2, 6, 4, -1, -1, -1, -1], "split_conditions": [51.423443, 59.86585, 59.86585, -2.7430494, 2.7430718, 1.3715247, -0.9143573], "split_indices": [2, 0, 0, 0, 0, 0, 0], "split_type": [0, 0, 0, 0, 0, 0, 0], "sum_hessian": [7.0, 1.0, 6.0, 4.0, 2.0, 0.0, 0.0], "tree_param": {"num_deleted": "0", "num_feature": "2", "num_nodes": "7", "size_leaf_vector": "1"}}, {"base_weights": [0.26570892, -0.63801795, 0.0, 0.0, 0.0047161076, 1.9268247, -0.0023580538], "categories": [], "categories_nodes": [], "categories_segments": [], "categories_sizes": [], "default_left": [0, 0, 0, 0, 0, 0, 0], "id": 3, "left_children": [1, 3, 5, -1, -1, -1, -1], "loss_changes": [24.010551, 16.733408, 0.0, 0.0, 0.0, 0.0, 0.0], "parents": [2147483647, 0, 0, 1, 1, 2, 2], "right_children": [2, 4, 6, -1, -1, -1, -1], "split_conditions": [36.636185, 15.601864, 15.601864, 0.0, 0.0047161076, 1.9268247, -0.0023580538], "split_indices": [2, 0, 0, 0, 0, 0, 0], "split_type": [0, 0, 0, 0, 0, 0, 0], "sum_hessian": [7.0, 6.0, 1.0, 4.0, 2.0, 0.0, 0.0], "tree_param": {"num_deleted": "0", "num_feature": "2", "num_nodes": "7", "size_leaf_vector": "1"}}, {"base_weights": [0.17801666, 0.0, 0.8273141, 1.1878911, -0.39595786, -1.1878911, 0.5939368], "categories": [], "categories_nodes": [], "categories_segments": [], "categories_sizes": [], "default_left": [0, 0, 0, 0, 0, 0, 0], "id": 4, "left_children": [1, 5, 3, -1, -1, -1, -1], "loss_changes": [14.073252, 0.0, 4.4261208, 0.0, 0.0, 0.0, 0.0], "parents": [2147483647, 0, 0, 2, 2, 1, 1], "right_children": [2, 6, 4, -1, -1, -1, -1], "split_conditions": [36.636185, 37.45401, 37.45401, 1.1878911, -0.39595786, -1.1878911, 0.5939368], "split_indices": [2, 0, 0, 0, 0, 0, 0], "split_type": [0, 0, 0, 0, 0, 0, 0], "sum_hessian": [7.0, 1.0, 6.0, 4.0, 2.0, 0.0, 0.0], "tree_param": {"num_deleted": "0", "num_feature": "2", "num_nodes": "7", "size_leaf_vector": "1"}}, {"base_weights": [0.004585266, 0.0, -0.13764445, 0.09518046, -0.063303985, -0.19036092, 0.18991196], "categories": [], "categories_nodes": [], "categories_segments": [], "categories_sizes": [], "default_left": [0, 0, 0, 0, 0, 0, 0], "id": 5, "left_children": [1, 5, 3, -1, -1, -1, -1], "loss_changes": [0.36150458, 0.0, 0.4813482, 0.0, 0.0, 0.0, 0.0], "parents": [2147483647, 0, 0, 2, 2, 1, 1], "right_children": [2, 6, 4, -1, -1, -1, -1], "split_conditions": [29.214464, 59.86585, 59.86585, 0.09518046, -0.063303985, -0.19036092, 0.18991196], "split_indices": [2, 0, 0, 0, 0, 0, 0], "split_type": [0, 0, 0, 0, 0, 0, 0], "sum_hessian": [7.0, 2.0, 5.0, 2.0, 3.0, 0.0, 0.0], "tree_param": {"num_deleted": "0", "num_feature": "3", "num_nodes": "7", "size_leaf_vector": "1"}}, {"base_weights": [0.26570892, -0.63801795, 0.0, 0.0, 0.0029079192, 0.26062226, -0.0014539596], "categories": [], "categories_nodes": [], "categories_segments": [], "categories_sizes": [], "default_left": [0, 0, 0, 0, 0, 0, 0], "id": 6, "left_children": [1, 3, 5, -1, -1, -1, -1], "loss_changes": [24.010551, 16.733408, 0.0, 0.0, 0.0, 0.0, 0.0], "parents": [2147483647, 0, 0, 1, 1, 2, 2], "right_children": [2, 4, 6, -1, -1, -1, -1], "split_conditions": [36.636185, 15.601864, 15.601864, 0.0, 0.0029079192, 0.26062226, -0.0014539596], "split_indices": [2, 0, 0, 0, 0, 0, 0], "split_type": [0, 0, 0, 0, 0, 0, 0], "sum_hessian": [7.0, 6.0, 1.0, 4.0, 2.0, 0.0, 0.0], "tree_param": {"num_deleted": "0", "num_feature": "2", "num_nodes": "7", "size_leaf_vector": "1"}}, {"base_weights": [0.17801666, 0.0, 0.8273141, 0.11465139, -0.03814949, -0.11465139, 0.057224236], "categories": [], "categories_nodes": [], "categories_segments": [], "categories_sizes": [], "default_left": [0, 0, 0, 0, 0, 0, 0], "id": 7, "left_children": [1, 5, 3, -1, -1, -1, -1], "loss_changes": [14.073252, 0.0, 4.4261208, 0.0, 0.0, 0.0, 0.0], "parents": [2147483647, 0, 0, 2, 2, 1, 1], "right_children": [2, 6, 4, -1, -1, -1, -1], "split_conditions": [36.636185, 37.45401, 37.45401, 0.11465139, -0.03814949, -0.11465139, 0.057224236], "split_indices": [2, 0, 0, 0, 0, 0, 0], "split_type": [0, 0, 0, 0, 0, 0, 0], "sum_hessian": [7.0, 1.0, 6.0, 4.0, 2.0, 0.0, 0.0], "tree_param": {"num_deleted": "0", "num_feature": "2", "num_nodes": "7", "size_leaf_vector": "1"}}, {"base_weights": [0.26570892, -0.63801795, 0.0, 0.0, 0.00424703, 0.0050964355, -0.00084940594], "categories": [], "categories_nodes": [], "categories_segments": [], "categories_sizes": [], "default_left": [0, 0, 0, 0, 0, 0, 0], "id": 8, "left_children": [1, 3, 5, -1, -1, -1, -1], "loss_changes": [24.010551, 16.733408, 0.0, 0.0, 0.0, 0.0, 0.0], "parents": [2147483647, 0, 0, 1, 1, 2, 2], "right_children": [2, 4, 6, -1, -1, -1, -1], "split_conditions": [29.214464, 15.601864, 15.601864, 0.0, 0.00424703, 0.0050964355, -0.00084940594], "split_indices": [2, 0, 0, 0, 0, 0, 0], "split_type": [0, 0, 0, 0, 0, 0, 0], "sum_hessian": [7.0, 6.0, 1.0, 4.0, 2.0, 0.0, 0.0], "tree_param": {"num_deleted": "0", "num_feature": "2", "num_nodes": "7", "size_leaf_vector": "1"}}, {"base_weights": [0.17801666, 0.0, 0.8273141, 0.010014649, -0.0010014648, -0.010014649, 0.004005859], "categories": [], "categories_nodes": [], "categories_segments": [], "categories_sizes": [], "default_left": [0, 0, 0, 0, 0, 0, 0], "id": 9, "left_children": [1, 5, 3, -1, -1, -1, -1], "loss_changes": [14.073252, 0.0, 4.4261208, 0.0, 0.0, 0.0, 0.0], "parents": [2147483647, 0, 0, 2, 2, 1, 1], "right_children": [2, 6, 4, -1, -1, -1, -1], "split_conditions": [29.214464, 37.45401, 37.45401, 0.010014649, -0.0010014648, -0.010014649, 0.004005859], "split_indices": [2, 0, 0, 0, 0, 0, 0], "split_type": [0, 0, 0, 0, 0, 0, 0], "sum_hessian": [7.0, 1.0, 6.0, 4.0, 2.0, 0.0, 0.0], "tree_param": {"num_deleted": "0", "num_feature": "2", "num_nodes": "7", "size_leaf_vector": "1"}}]}, "name": "gbtree"},