{"learner": {"attributes": {}, "feature_names": ["x1", "x2"], "feature_types": ["float", "float"], "gradient_booster": {"model": {"gbtree_model_param": {"num_parallel_tree": "1", "num_trees": "21"}, "iteration_indptr": [0, 1, 2, 3, 4, 5, 6, 7, 8, 9, 10, 11, 12, 13, 14, 15, 16, 17, 18, 19, 20, 21], "tree_info": [0, 0, 0, 0, 0, 0, 0, 0, 0, 0, 0, 0, 0, 0, 0, 0, 0, 0, 0, 0, 0], "trees": [{"base_weights": [-0.0, -3369.2769, 6738.5537, -4076.6458, 83.78418], "categories": [], "categories_nodes": [], "categories_segments": [], "categories_sizes": [], "default_left": [0, 0, 0, 0, 0], "id": 0, "left_children": [1, 3, -1, -1, -1], "loss_changes": [204336450.0, 14997096.0, 0.0, 0.0, 0.0], "parents": [2147483647, 0, 0, 1, 1], "right_children": [2, 4, -1, -1, -1], "split_conditions": [73.199394, 70.80726, 6738.5537, -4076.6458, 83.78418], "split_indices": [0, 0, 0, 0, 0], "split_type": [0, 0, 0, 0, 0], "sum_hessian": [7.0, 5.0, 2.0, 4.0, 1.0], "tree_param": {"num_deleted": "0", "num_feature": "2", "num_nodes": "5", "size_leaf_vector": "1"}}, {"base_weights": [82.67878, -73.631256, 367.73926, 32.305775, -301.6582], "categories": [], "categories_nodes": [], "categories_segments": [], "categories_sizes": [], "default_left": [0, 0, 0, 0, 0], "id": 1, "left_children": [1, 3, -1, -1, -1], "loss_changes": [383539.62, 154684.28, 0.0, 0.0, 0.0], "parents": [2147483647, 0, 0, 1, 1], "right_children": [2, 4, -1, -1, -1], "split_conditions": [73.199394, 70.80726, 367.73926, 32.305775, -301.6582], "split_indices": [0, 0, 0, 0, 0], "split_type": [0, 0, 0, 0, 0], "sum_hessian": [7.0, 5.0, 2.0, 4.0, 1.0], "tree_param": {"num_deleted": "0", "num_feature": "2", "num_nodes": "5", "size_leaf_vector": "1"}}, {"base_weights": [12.298241, -148.3202, 138.33334, -34.745544, -244.5221, 312.79333, 16.52002], "categories": [], "categories_nodes": [], "categories_segments": [], "categories_sizes": [], "default_left": [0, 0, 0, 0, 0, 0, 0], "id": 2, "left_children": [1, 3, 5, -1, -1, -1, -1], "loss_changes": [182466.14, 35208.336, 101090.41, 0.0, 0.0, 0.0, 0.0], "parents": [2147483647, 0, 0, 1, 1, 2, 2], "right_children": [2, 4, 6, -1, -1, -1, -1], "split_conditions": [59.86585, 37.45401, 70.80726, -34.745544, -244.5221, 312.79333, 16.52002], "split_indices": [0, 0, 0, 0, 0, 0, 0], "split_type": [0, 0, 0, 0, 0, 0, 0], "sum_hessian": [7.0, 3.0, 4.0, 2.0, 1.0, 1.0, 3.0], "tree_param": {"num_deleted": "0", "num_feature": "2", "num_nodes": "7", "size_leaf_vector": "1"}}, {"base_weights": [8.24794, -74.845795, 73.07334, -16.051981, -125.61362, 153.04419, 14.81958], "categories": [], "categories_nodes": [], "categories_segments": [], "categories_sizes": [], "default_left": [0, 0, 0, 0, 0, 0, 0], "id": 3, "left_children": [1, 3, 5, -1, -1, -1, -1], "loss_changes": [48561.914, 9922.986, 21024.96, 0.0, 0.0, 0.0, 0.0], "parents": [2147483647, 0, 0, 1, 1, 2, 2], "right_children": [2, 4, 6, -1, -1, -1, -1], "split_conditions": [59.86585, 37.45401, 70.80726, -16.051981, -125.61362, 153.04419, 14.81958], "split_indices": [0, 0, 0, 0, 0, 0, 0], "split_type": [0, 0, 0, 0, 0, 0, 0], "sum_hessian": [7.0, 3.0, 4.0, 2.0, 1.0, 1.0, 3.0], "tree_param": {"num_deleted": "0", "num_feature": "2", "num_nodes": "7", "size_leaf_vector": "1"}}, {"base_weights": [3.2746506, -36.59718, 81.92676, 2.2756715, -115.48071], "categories": [], "categories_nodes": [], "categories_segments": [], "categories_sizes": [], "default_left": [0, 0, 0, 0, 0], "id": 4, "left_children": [1, 3, -1, -1, -1], "loss_changes": [28086.314, 18661.361, 0.0, 0.0, 0.0], "parents": [2147483647, 0, 0, 1, 1], "right_children": [2, 4, -1, -1, -1], "split_conditions": [73.199394, 70.80726, 81.92676, 2.2756715, -115.48071], "split_indices": [0, 0, 0, 0, 0], "split_type": [0, 0, 0, 0, 0], "sum_hessian": [7.0, 5.0, 2.0, 4.0, 1.0], "tree_param": {"num_deleted": "0", "num_feature": "2", "num_nodes": "5", "size_leaf_vector": "1"}}, {"base_weights": [1.226265, -15.25235, 33.77474, 2.8539186, -52.891846], "categories": [], "categories_nodes": [], "categories_segments": [], "categories_sizes": [], "default_left": [0, 0, 0, 0, 0], "id": 5, "left_children": [1, 3, -1, -1, -1], "loss_changes": [4805.9746, 4240.0137, 0.0, 0.0, 0.0], "parents": [2147483647, 0, 0, 1, 1], "right_children": [2, 4, -1, -1, -1], "split_conditions": [73.199394, 70.80726, 33.77474, 2.8539186, -52.891846], "split_indices": [0, 0, 0, 0, 0], "split_type": [0, 0, 0, 0, 0], "sum_hessian": [7.0, 5.0, 2.0, 4.0, 1.0], "tree_param": {"num_deleted": "0", "num_feature": "2", "num_nodes": "5", "size_leaf_vector": "1"}}, {"base_weights": [1.0663376, -4.1582947, 11.160156, 1.6062378, -16.490479], "categories": [], "categories_nodes": [], "categories_segments": [], "categories_sizes": [], "default_left": [0, 0, 0, 0, 0], "id": 6, "left_children": [1, 3, -1, -1, -1], "loss_changes": [468.2991, 453.02332, 0.0, 0.0, 0.0], "parents": [2147483647, 0, 0, 1, 1], "right_children": [2, 4, -1, -1, -1], "split_conditions": [73.199394, 70.80726, 11.160156, 1.6062378, -16.490479], "split_indices": [0, 0, 0, 0, 0], "split_type": [0, 0, 0, 0, 0], "sum_hessian": [7.0, 5.0, 2.0, 4.0, 1.0], "tree_param": {"num_deleted": "0", "num_feature": "2", "num_nodes": "5", "size_leaf_vector": "1"}}, {"base_weights": [-0.46556854, -5.337265, 3.5249023, -1.0729675, -6.4010415, 11.477539, -1.3326416], "categories": [], "categories_nodes": [], "categories_segments": [], "categories_sizes": [], "default_left": [0, 0, 0, 0, 0, 0, 0], "id": 7, "left_children": [1, 3, 5, -1, -1, -1, -1], "loss_changes": [174.33624, 11.276932, 208.44685, 0.0, 0.0, 0.0, 0.0], "parents": [2147483647, 0, 0, 1, 1, 2, 2], "right_children": [2, 4, 6, -1, -1, -1, -1], "split_conditions": [59.86585, 15.601864, 70.80726, -1.0729675, -6.4010415, 11.477539, -1.3326416], "split_indices": [0, 0, 0, 0, 0, 0, 0], "split_type": [0, 0, 0, 0, 0, 0, 0], "sum_hessian": [7.0, 3.0, 4.0, 1.0, 2.0, 1.0, 3.0], "tree_param": {"num_deleted": "0", "num_feature": "2", "num_nodes": "7", "size_leaf_vector": "1"}}, {"base_weights": [0.33381653, -1.8591105, 4.6083984, 0.800708, -7.5791016], "categories": [], "categories_nodes": [], "categories_segments": [], "categories_sizes": [], "default_left": [0, 0, 0, 0, 0], "id": 8, "left_children": [1, 3, -1, -1, -1], "loss_changes": [83.5583, 97.35347, 0.0, 0.0, 0.0], "parents": [2147483647, 0, 0, 1, 1], "right_children": [2, 4, -1, -1, -1], "split_conditions": [73.199394, 70.80726, 4.6083984, 0.800708, -7.5791016], "split_indices": [0, 0, 0, 0, 0], "split_type": [0, 0, 0, 0, 0], "sum_hessian": [7.0, 5.0, 2.0, 4.0, 1.0], "tree_param": {"num_deleted": "0", "num_feature": "2", "num_nodes": "5", "size_leaf_vector": "1"}}, {"base_weights": [-0.27137756, -2.4690247, 1.5410156, 5.338379, -0.7429199], "categories": [], "categories_nodes": [], "categories_segments": [], "categories_sizes": [], "default_left": [0, 0, 0, 0, 0], "id": 9, "left_children": [1, -1, 3, -1, -1], "loss_changes": [35.66881, 0.0, 47.330654, 0.0, 0.0], "parents": [2147483647, 0, 0, 2, 2], "right_children": [2, -1, 4, -1, -1], "split_conditions": [59.86585, -2.4690247, 70.80726, 5.338379, -0.7429199], "split_indices": [0, 0, 0, 0, 0], "split_type": [0, 0, 0, 0, 0], "sum_hessian": [7.0, 3.0, 4.0, 1.0, 3.0], "tree_param": {"num_deleted": "0", "num_feature": "2", "num_nodes": "5", "size_leaf_vector": "1"}}, {"base_weights": [0.017982483, -0.07530721, 0.1985677, 0.04371338, -0.33520508], "categories": [], "categories_nodes": [], "categories_segments": [], "categories_sizes": [], "default_left": [0, 0, 0, 0, 0], "id": 10, "left_children": [1, 3, -1, -1, -1], "loss_changes": [0.1497275, 0.20025213, 0.0, 0.0, 0.0], "parents": [2147483647, 0, 0, 1, 1], "right_children": [2, 4, -1, -1, -1], "split_conditions": [73.199394, 70.80726, 0.1985677, 0.04371338, -0.33520508], "split_indices": [0, 0, 0, 0, 0], "split_type": [0, 0, 0, 0, 0], "sum_hessian": [7.0, 5.0, 2.0, 4.0, 1.0], "tree_param": {"num_deleted": "0", "num_feature": "2", "num_nodes": "5",