{"learner":{"attributes":{},"feature_names":["x1","x2"],"feature_types":["float","float"],"gradient_booster":{"model":{"gbtree_model_param":{"num_parallel_tree":"1","num_trees":"11"},"iteration_indptr":[0,1,2,3,4,5,6,7,8,9,10,11],"tree_info":[0,0,0,0,0,0,0,0,0,0,0],"trees":[{"base_weights":[3.4321155E2,-1.4557213E3,1.7137156E3,7.2836273E2,2.8275635E3],"categories":[],"categories_nodes":[],"categories_segments":[],"categories_sizes":[],"default_left":[0,0,0,0,0],"id":0,"left_children":[1,-1,3,-1,-1],"loss_changes":[2.221825E7,0E0,3.428174E6,0E0,0E0],"parents":[2147483647,0,0,2,2],"right_children":[2,-1,4,-1,-1],"split_conditions":[5.986585E1,-1.4557213E3,8.324426E1,7.2836273E2,2.8275635E3],"split_indices":[0,0,1,0,0],"split_type":[0,0,0,0,0],"sum_hessian":[7E0,3E0,4E0,3E0,1E0],"tree_param":{"num_deleted":"0","num_feature":"2","num_nodes":"5","size_leaf_vector":"1"}},{"base_weights":[2.6252567E2,-1.0390832E2,1.4137817E3,-3.639303E2,1.8209076E2],"categories":[],"categories_nodes":[],"categories_segments":[],"categories_sizes":[],"default_left":[0,0,0,0,0],"id":1,"left_children":[1,3,-1,-1,-1],"loss_changes":[3.5217782E6,5.868307E5,0E0,0E0,0E0],"parents":[2147483647,0,0,1,1],"right_children":[2,4,-1,-1,-1],"split_conditions":[8.324426E1,5.986585E1,1.4137817E3,-3.639303E2,1.8209076E2],"split_indices":[1,0,0,0,0],"split_type":[0,0,0,0,0],"sum_hessian":[7E0,6E0,1E0,3E0,3E0],"tree_param":{"num_deleted":"0","num_feature":"2","num_nodes":"5","size_leaf_vector":"1"}},{"base_weights":[6.255844E0,-3.8940586E1,1.6131543E2,6.7051516E0,-1.0203662E2],"categories":[],"categories_nodes":[],"categories_segments":[],"categories_sizes":[],"default_left":[0,0,0,0,0],"id":2,"left_children":[1,3,-1,-1,-1],"loss_changes":[6.2346836E4,2.0844625E4,0E0,0E0,0E0],"parents":[2147483647,0,0,1,1],"right_children":[2,4,-1,-1,-1],"split_conditions":[8.324426E1,7.080726E1,1.6131543E2,6.7051516E0,-1.0203662E2],"split_indices":[1,0,0,0,0],"split_type":[0,0,0,0,0],"sum_hessian":[7E0,6E0,1E0,4E0,2E0],"tree_param":{"num_deleted":"0","num_feature":"2","num_nodes":"5","size_leaf_vector":"1"}},{"base_weights":[-2.0329819E0,-8.1080065E0,2.0246094E1,5.707642E-1,-1.9869955E1],"categories":[],"categories_nodes":[],"categories_segments":[],"categories_sizes":[],"default_left":[0,0,0,0,0],"id":3,"left_children":[1,3,-1,-1,-1],"loss_changes":[1.2469229E3,7.2589575E2,0E0,0E0,0E0],"parents":[2147483647,0,0,1,1],"right_children":[2,4,-1,-1,-1],"split_conditions":[8.324426E1,7.080726E1,2.0246094E1,5.707642E-1,-1.9869955E1],"split_indices":[1,0,0,0,0],"split_type":[0,0,0,0,0],"sum_hessian":[7E0,6E0,1E0,4E0,2E0],"tree_param":{"num_deleted":"0","num_feature":"2","num_nodes":"5","size_leaf_vector":"1"}},{"base_weights":[2.6570892E-1,-6.3801795E-1,3.2958984E0,5.7386476E-1,-2.4451497E0],"categories":[],"categories_nodes":[],"categories_segments":[],"categories_sizes":[],"default_left":[0,0,0,0,0],"id":4,"left_children":[1,3,-1,-1,-1],"loss_changes":[2.4010551E1,1.6733408E1,0E0,0E0,0E0],"parents":[2147483647,0,0,1,1],"right_children":[2,4,-1,-1,-1],"split_conditions":[8.324426E1,7.080726E1,3.2958984E0,5.7386476E-1,-2.4451497E0],"split_indices":[1,0,0,0,0],"split_type":[0,0,0,0,0],"sum_hessian":[7E0,6E0,1E0,4E0,2E0],"tree_param":{"num_deleted":"0","num_feature":"2","num_nodes":"5","size_leaf_vector":"1"}},{"base_weights":[1.7801666E-1,-2.1835327E0,8.273141E-1,1.09997556E-1,1.7470703E0],"categories":[],"categories_nodes":[],"categories_segments":[],"categories_sizes":[],"default_left":[0,0,0,0,0],"id":5,"left_children":[1,-1,3,-1,-1],"loss_changes":[1.4073252E1,0E0,4.4261208E0,0E0,0E0],"parents":[2147483647,0,0,2,2],"right_children":[2,-1,4,-1,-1],"split_conditions":[1.8182497E1,-2.1835327E0,7.3199394E1,1.09997556E-1,1.7470703E0],"split_indices":[1,0,0,0,0],"split_type":[0,0,0,0,0],"sum_hessian":[7E0,1E0,6E0,4E0,2E0],"tree_param":{"num_deleted":"0","num_feature":"2","num_nodes":"5","size_leaf_vector":"1"}},{"base_weights":[-4.0649414E-2,6.290436E-1,-5.682739E-1,-7.128703E-1,2.3273926E0,-2.2504883E0,4.1490173E-1],"categories":[],"categories_nodes":[],"categories_segments":[],"categories_sizes":[],"default_left":[0,0,0,0,0,0,0],"id":6,"left_children":[1,3,5,-1,-1,-1,-1],"loss_changes":[3.1842408E0,1.0775281E1,9.203292E0,0E0,0E0,0E0,0E0],"parents":[2147483647,0,0,1,1,2,2],"right_children":[2,4,6,-1,-1,-1,-1],"split_conditions":[2.9122913E1,5.986585E1,3.0424225E1,-7.128703E-1,2.3273926E0,-2.2504883E0,4.1490173E-1],"split_indices":[1,0,1,0,0,0,0],"split_type":[0,0,0,0,0,0,0],"sum_hessian":[7E0,3E0,4E0,2E0,1E0,1E0,3E0],"tree_param":{"num_deleted":"0","num_feature":"2","num_nodes":"7","size_leaf_vector":"1"}},{"base_weights":[1.4808655E-2,-2.430664E-1,3.3345032E-1,7.324219E-2,-7.541504E-1],"categories":[],"categories_nodes":[],"categories_segments":[],"categories_sizes":[],"default_left":[0,0,0,0,0],"id":7,"left_children":[1,3,-1,-1,-1],"loss_changes":[7.384085E-1,8.635369E-1,0E0,0E0,0E0],"parents":[2147483647,0,0,1,1],"right_children":[2,4,-1,-1,-1],"split_conditions":[3.0424225E1,7.080726E1,3.3345032E-1,7.324219E-2,-7.541504E-1],"split_indices":[1,0,0,0,0],"split_type":[0,0,0,0,0],"sum_hessian":[7E0,4E0,3E0,3E0,1E0],"tree_param":{"num_deleted":"0","num_feature":"2","num_nodes":"5","size_leaf_vector":"1"}},{"base_weights":[7.6293945E-6,-6.687709E-3,2.34375E-2,1.4770508E-3,-1.8066406E-2],"categories":[],"categories_nodes":[],"categories_segments":[],"categories_sizes":[],"default_left":[0,0,0,0,0],"id":8,"left_children":[1,3,-1,-1,-1],"loss_changes":[1.4117105E-3,6.770153E-4,0E0,0E0,0E0],"parents":[2147483647,0,0,1,1],"right_children":[2,4,-1,-1,-1],"split_conditions":[8.324426E1,7.080726E1,2.34375E-2,1.4770508E-3,-1.8066406E-2],"split_indices":[1,0,0,0,0],"split_type":[0,0,0,0,0],"sum_hessian":[7E0,6E0,1E0,4E0,2E0],"tree_param":{"num_deleted":"0","num_feature":"2","num_nodes":"5","size_leaf_vector":"1"}},{"base_weights":[-1.373291E-4,-8.3414715E-4,1.3020834E-3,1.5258789E-5,-1.6886393E-3],"categories":[],"categories_nodes":[],"categories_segments":[],"categories_sizes":[],"default_left":[0,0,0,0,0],"id":9,"left_children":[1,3,-1,-1,-1],"loss_changes":[9.110197E-6,4.380631E-6,0E0,0E0,0E0],"parents":[2147483647,0,0,1,1],"right_children":[2,4,-1,-1,-1],"split_conditions":[7.3199394E1,2.9122913E1,1.3020834E-3,1.5258789E-5,-1.6886393E-3],"split_indices":[0,1,0,0,0],"split_type":[0,0,0,0,0],"sum_hessian":[7E0,5E0,2E0,3E0,2E0],"tree_param":{"num_deleted":"0","num_feature":"2","num_nodes":"5","size_leaf_vector":"1"}},{"base_weights":[-1.0681152E-4,-9.5621747E-4,3.3569336E-4,1.159668E-3,-3.6621094E-4],"categories":[],"categories_nodes":[],"categories_segments":[],"categories_sizes":[],"default_left":[0,0,0,0,0],"id":10,"left_children":[1,-1,3,-1,-1],"loss_changes":[3.327926E-6,0E0,3.894791E-6,0E0,0E0],"parents":[2147483647,0,0,2,2],"right_children":[2,-1,4,-1,-1],"split_conditions":[2.1233912E1,-9.5621747E-4,7.080726E1,1.159668E-3,-3.6621094E-4],"split_indices":[1,0,0,0,0],"split_type":[0,0,0,0,0],"sum_hessian":[7E0,2E0,5E0,2E0,3E0],"tree_param":{"num_deleted":"0","num_feature":"2","num_nodes":"5","size_leaf_vector":"1"}}]},"name":"gbtree"},"learner_model_param":{"base_score":"6.7900913E3","boost_from_average":"1","num_class":"0","num_feature":"2","num_target":"1"},"objective":{"name":"reg:squarederror","reg_loss_param":{"scale_pos_weight":"1"}}},"version":[3,0,2]}