{"learner":{"attributes":{},"feature_names":["x1","x2"],"feature_types":["float","float"],"gradient_booster":{"model":{"gbtree_model_param":{"num_parallel_tree":"1","num_trees":"20"},"iteration_indptr":[0,1,2,3,4,5,6,7,8,9,10,11,12,13,14,15,16,17,18,19,20],"tree_info":[0,0,0,0,0,0,0,0,0,0,0,0,0,0,0,0,0,0,0,0],"trees":[{"base_weights":[-0E0,-3.3692769E3,6.7385537E3,-4.0766458E3,8.378418E1],"categories":[],"categories_nodes":[],"categories_segments":[],"categories_sizes":[],"default_left":[0,0,0,0,0],"id":0,"left_children":[1,3,-1,-1,-1],"loss_changes":[2.0433645E8,1.4997096E7,0E0,0E0,0E0],"parents":[2147483647,0,0,1,1],"right_children":[2,4,-1,-1,-1],"split_conditions":[7.3199394E1,7.080726E1,6.7385537E3,-4.0766458E3,8.378418E1],"split_indices":[0,0,0,0,0],"split_type":[0,0,0,0,0],"sum_hessian":[7E0,5E0,2E0,4E0,1E0],"tree_param":{"num_deleted":"0","num_feature":"2","num_nodes":"5","size_leaf_vector":"1"}},{"base_weights":[3.4321155E2,-1.4557213E3,1.7137156E3,7.2836273E2,2.8275635E3],"categories":[],"categories_nodes":[],"categories_segments":[],"categories_sizes":[],"default_left":[0,0,0,0,0],"id":1,"left_children":[1,-1,3,-1,-1],"loss_changes":[2.221825E7,0E0,3.428174E6,0E0,0E0],"parents":[2147483647,0,0,2,2],"right_children":[2,-1,4,-1,-1],"split_conditions":[5.986585E1,-1.4557213E3,8.324426E1,7.2836273E2,2.8275635E3],"split_indices":[0,0,1,0,0],"split_type":[0,0,0,0,0],"sum_hessian":[7E0,3E0,4E0,3E0,1E0],"tree_param":{"num_deleted":"0","num_feature":"2","num_nodes":"5","size_leaf_vector":"1"}},{"base_weights":[2.6252567E2,-1.0390832E2,1.4137817E3,-3.639303E2,1.8209076E2],"categories":[],"categories_nodes":[],"categories_segments":[],"categories_sizes":[],"default_left":[0,0,0,0,0],"id":2,"left_children":[1,3,-1,-1,-1],"loss_changes":[3.5217782E6,5.868307E5,0E0,0E0,0E0],"parents":[2147483647,0,0,1,1],"right_children":[2,4,-1,-1,-1],"split_conditions":[8.324426E1,5.986585E1,1.4137817E3,-3.639303E2,1.8209076E2],"split_indices":[1,0,0,0,0],"split_type":[0,0,0,0,0],"sum_hessian":[7E0,6E0,1E0,3E0,3E0],"tree_param":{"num_deleted":"0","num_feature":"2","num_nodes":"5","size_leaf_vector":"1"}},{"base_weights":[1.5399268E2,-2.5977112E1,7.068906E2,1.7789307E2,-2.2335301E2],"categories":[],"categories_nodes":[],"categories_segments":[],"categories_sizes":[],"default_left":[0,0,0,0,0],"id":3,"left_children":[1,3,-1,-1,-1],"loss_changes":[8.144024E5,3.2140634E5,0E0,0E0,0E0],"parents":[2147483647,0,0,1,1],"right_children":[2,4,-1,-1,-1],"split_conditions":[8.324426E1,2.9122913E1,7.068906E2,1.7789307E2,-2.2335301E2],"split_indices":[1,1,0,0,0],"split_type":[0,0,0,0,0],"sum_hessian":[7E0,6E0,1E0,3E0,3E0],"tree_param":{"num_deleted":"0","num_feature":"2","num_nodes":"5","size_leaf_vector":"1"}},{"base_weights":[8.267878E1,-7.3631256E1,3.6773926E2,3.2305775E1,-3.016582E2],"categories":[],"categories_nodes":[],"categories_segments":[],"categories_sizes":[],"default_left":[0,0,0,0,0],"id":4,"left_children":[1,3,-1,-1,-1],"loss_changes":[3.8353962E5,1.5468428E5,0E0,0E0,0E0],"parents":[2147483647,0,0,1,1],"right_children":[2,4,-1,-1,-1],"split_conditions":[7.3199394E1,7.080726E1,3.6773926E2,3.2305775E1,-3.016582E2],"split_indices":[0,0,0,0,0],"split_type":[0,0,0,0,0],"sum_hessian":[7E0,5E0,2E0,4E0,1E0],"tree_param":{"num_deleted":"0","num_feature":"2","num_nodes":"5","size_leaf_vector":"1"}},{"base_weights":[1.2298241E1,-1.483202E2,1.3833334E2,-3.4745544E1,-2.445221E2,3.1279333E2,1.652002E1],"categories":[],"categories_nodes":[],"categories_segments":[],"categories_sizes":[],"default_left":[0,0,0,0,0,0,0],"id":5,"left_children":[1,3,5,-1,-1,-1,-1],"loss_changes":[1.8246614E5,3.5208336E4,1.0109041E5,0E0,0E0,0E0,0E0],"parents":[2147483647,0,0,1,1,2,2],"right_children":[2,4,6,-1,-1,-1,-1],"split_conditions":[5.986585E1,3.745401E1,7.080726E1,-3.4745544E1,-2.445221E2,3.1279333E2,1.652002E1],"split_indices":[0,0,0,0,0,0,0],"split_type":[0,0,0,0,0,0,0],"sum_hessian":[7E0,3E0,4E0,2E0,1E0,1E0,3E0],"tree_param":{"num_deleted":"0","num_feature":"2","num_nodes":"7","size_leaf_vector":"1"}},{"base_weights":[6.255844E0,-3.8940586E1,1.6131543E2,6.7051516E0,-1.0203662E2],"categories":[],"categories_nodes":[],"categories_segments":[],"categories_sizes":[],"default_left":[0,0,0,0,0],"id":6,"left_children":[1,3,-1,-1,-1],"loss_changes":[6.2346836E4,2.0844625E4,0E0,0E0,0E0],"parents":[2147483647,0,0,1,1],"right_children":[2,4,-1,-1,-1],"split_conditions":[8.324426E1,7.080726E1,1.6131543E2,6.7051516E0,-1.0203662E2],"split_indices":[1,0,0,0,0],"split_type":[0,0,0,0,0],"sum_hessian":[7E0,6E0,1E0,4E0,2E0],"tree_param":{"num_deleted":"0","num_feature":"2","num_nodes":"5","size_leaf_vector":"1"}},{"base_weights":[8.24794E0,-7.4845795E1,7.307334E1,-1.6051981E1,-1.2561362E2,1.5304419E2,1.481958E1],"categories":[],"categories_nodes":[],"categories_segments":[],"categories_sizes":[],"default_left":[0,0,0,0,0,0,0],"id":7,"left_children":[1,3,5,-1,-1,-1,-1],"loss_changes":[4.8561914E4,9.922986E3,2.102496E4,0E0,0E0,0E0,0E0],"parents":[2147483647,0,0,1,1,2,2],"right_children":[2,4,6,-1,-1,-1,-1],"split_conditions":[5.986585E1,3.745401E1,7.080726E1,-1.6051981E1,-1.2561362E2,1.5304419E2,1.481958E1],"split_indices":[0,0,0,0,0,0,0],"split_type":[0,0,0,0,0,0,0],"sum_hessian":[7E0,3E0,4E0,2E0,1E0,1E0,3E0],"tree_param":{"num_deleted":"0","num_feature":"2","num_nodes":"7","size_leaf_vector":"1"}},{"base_weights":[3.2746506E0,-3.659718E1,8.192676E1,2.2756715E0,-1.1548071E2],"categories":[],"categories_nodes":[],"categories_segments":[],"categories_sizes":[],"default_left":[0,0,0,0,0],"id":8,"left_children":[1,3,-1,-1,-1],"loss_changes":[2.8086314E4,1.8661361E4,0E0,0E0,0E0],"parents":[2147483647,0,0,1,1],"right_children":[2,4,-1,-1,-1],"split_conditions":[7.3199394E1,7.080726E1,8.192676E1,2.2756715E0,-1.1548071E2],"split_indices":[0,0,0,0,0],"split_type":[0,0,0,0,0],"sum_hessian":[7E0,5E0,2E0,4E0,1E0],"tree_param":{"num_deleted":"0","num_feature":"2","num_nodes":"5","size_leaf_vector":"1"}},{"base_weights":[-3.9097214E0,-6.394467E1,1.3801653E1,4.5672688E1,-8.081299E0],"categories":[],"categories_nodes":[],"categories_segments":[],"categories_sizes":[],"default_left":[0,0,0,0,0],"id":9,"left_children":[1,-1,3,-1,-1],"loss_changes":[9.388955E3,0E0,5.2511216E3,0E0,0E0],"parents":[2147483647,0,0,2,2],"right_children":[2,-1,4,-1,-1],"split_conditions":[1.8182497E1,-6.394467E1,2.9122913E1,4.5672688E1,-8.081299E0],"split_indices":[1,0,1,0,0],"split_type":[0,0,0,0,0],"sum_hessian":[7E0,1E0,6E0,2E0,4E0],"tree_param":{"num_deleted":"0","num_feature":"2","num_nodes":"5","size_leaf_vector":"1"}},{"base_weights":[-3.294159E0,-4.112248E1,1.6169027E1,5.2547607E1,-1.6162109E0],"categories":[],"categories_nodes":[],"categories_segments":[],"categories_sizes":[],"default_left":[0,0,0,0,0],"id":10,"left_children":[1,-1,3,-1,-1],"loss_changes":[6.554987E3,0E0,3.966938E3,0E0,0E0],"parents":[2147483647,0,0,2,2],"right_children":[2,-1,4,-1,-1],"split_conditions":[2.1233912E1,-4.112248E1,2.9122913E1,5.2547607E1,-1.6162109E0],"split_indices":[1,0,1,0,0],"split_type":[0,0,0,0,0],"sum_hessian":[7E0,2E0,5E0,1E0,4E0],"tree_param":{"num_deleted":"0","num_feature":"2","num_nodes":"5","size_leaf_vector":"1"}},{"base_weights":[1.226265E0,-1.525235E1,3.377474E1,2.8539186E0,-5.2891846E1],"categories":[],"categories_nodes":[],"categories_segments":[],"categories_sizes":[],"default_left":[0,0,0,0,0],"id":11,"left_children":[1,3,-1,-1,-1],"loss_changes":[4.8059746E3,4.2400137E3,0E0,0E0,0E0],"parents":[2147483647,0,0,1,1],"right_children":[2,4,-1,-1,-1],"split_conditions":[7.3199394E1,7.080726E1,3.377474E1,2.8539186E0,-5.2891846E1],"split_indices":[0,0,0,0,0],"split_type":[0,0,0,0,0],"sum_hessian":[7E0,5E0,2E0,4E0,1E0],"tree_param":{"num_deleted":"0","num_feature":"2","num_nodes":"5","size_leaf_vector":"1"}},{"base_weights":[-2.0329819E0,-8.1080065E0,2.0246094E1,5.707642E-1,-1.9869955E1],"categories":[],"categories_nodes":[],"categories_segments":[],"categories_sizes":[],"default_left":[0,0,0,0,0],"id":12,"left_children":[1,3,-1,-1,-1],